0,-34.82635,0,1610013694
0,-34.38005,0,1610013811
0,-34.74256,0,1610013929
0,-33.84362,0,1610014053
0,-33.98632,0,1610014171
0,-33.01654,0,1610014290
0,-33.32036,0,1610014417
0,-30.40968,0,1610014534
0,-30.90242,0,1610014652
0,-28.65666,0,1610014769
0,-28.76647,0,1610014896
0,-30.69954,0,1610015013
0,-29.5507,0,1610015132
0,-26.22399,0,1610015257
0,-30.67702,0,1610015374
0,-30.78568,0,1610015491
0,-31.89076,0,1610015618
0,-33.74295,0,1610015736
0,-32.18038,0,1610015854
0,-32.28316,0,1610015971
0,-32.22309,0,1610016098
0,-30.54057,0,1610016215
0,-34.34424,0,1610016333
0,-30.94736,0,1610016457
0,-33.69236,0,1610016574
0,-31.82668,0,1610016692
0,-32.47286,0,1610016811
0,-31.73919,0,1610016938
0,-31.7495,0,1610017055
0,-31.69069,0,1610017172
0,-32.72383,0,1610017291
0,-35.40198,0,1610017418
0,-31.52332,0,1610017535
0,-31.85491,0,1610017652
0,-32.99276,0,1610017778
0,-33.63498,0,1610017895
0,-32.08595,0,1610018012
0,-32.44548,0,1610018130
0,-25.15981,0,1610018258
0,-32.01734,0,1610018375
0,-32.33742,0,1610018492
0,-32.43687,0,1610018609
0,-32.63004,0,1610018737
0,-31.71643,0,1610018854
0,-31.91796,0,1610018969
0,-31.17412,0,1610019096
0,-32.0735,0,1610019213
0,-25.15891,0,1610019332
0,-29.71757,0,1610019449
0,-29.64507,0,1610019576
0,-29.98165,0,1610019694
0,-30.90969,0,1610019811
0,-30.53227,0,1610019929
0,-31.96285,0,1610020057
0,-31.25077,0,1610020171
0,-33.26048,0,1610020290
0,-33.64807,0,1610020418
0,-32.59306,0,1610020535
0,-34.85772,0,1610020652
0,-33.87552,0,1610020770
0,-33.74354,0,1610020898
0,-31.79983,0,1610021015
0,-32.23511,0,1610021132
0,-28.91234,0,1610021250
0,-29.02401,0,1610021369
0,-27.10951,0,1610021493
0,-27.46884,0,1610021610
0,-26.28906,0,1610021737
0,-26.80991,0,1610021856
0,-28.2829,0,1610021974
0,-28.58675,0,1610022091
0,-28.39547,0,1610022209
0,-28.49144,0,1610022336
0,-27.9574,0,1610022455
0,-29.59208,0,1610022572
0,-29.84879,0,1610022697
0,-29.9104,0,1610022815
0,-29.55988,0,1610022932
0,-30.24994,0,1610023050
0,-29.89246,0,1610023177
0,-33.48441,0,1610023294
0,-26.96425,0,1610023412
0,-32.13133,0,1610023530
0,-30.7004,0,1610023656
0,-29.31573,0,1610023773
0,-30.52848,0,1610023890
0,-30.08693,0,1610024017
0,-29.73256,0,1610024134
0,-34.42081,0,1610024251
0,-29.74449,0,1610024369
0,-29.4064,0,1610024496
0,-30.85318,0,1610024613
0,-30.48679,0,1610024730
0,-30.29806,0,1610024858
0,-29.63576,0,1610024977
0,-30.58092,0,1610025094
0,-30.83579,0,1610025209
0,-37.23397,0,1610025336
0,-33.12373,0,1610025454
0,-34.2855,0,1610025572
0,-32.84701,0,1610025689
0,-33.41346,0,1610025816
0,-31.99663,0,1610025933
0,-31.84378,0,1610026051
0,-30.69304,0,1610026169
0,-33.80787,0,1610026296
0,-33.46774,0,1610026413
0,-29.57184,0,1610026531
0,-32.16082,0,1610026658
0,-31.69682,0,1610026775
0,-30.44161,0,1610026892
0,-29.73765,0,1610027011
0,-30.02188,0,1610027138
0,-32.6412,0,1610027255
0,-27.69673,0,1610027373
0,-29.93106,0,1610027490
0,-28.77057,0,1610027615
0,-28.05494,0,1610027732
0,-27.48846,0,1610027850
0,-28.22969,0,1610027978
0,-27.8923,0,1610028095
0,-28.75607,0,1610028212
0,-34.53418,0,1610028329
0,-13.45036,0,1610028456
0,-24.2996,0,1610028575
0,-16.07514,0,1610028692
0,-23.48681,0,1610028809
0,-21.6473,0,1610028933
0,-21.46701,0,1610029052
0,-21.73548,0,1610029169
0,-40.78057,0,1610029296
0,-24.49959,0,1610029413
0,-30.39192,0,1610029532
0,-24.81785,0,1610029650
0,-30.63053,0,1610029777
0,-27.93911,0,1610029894
0,-29.24203,0,1610030012
0,-28.89822,0,1610030136
0,-38.74067,0,1610030253
0,-18.03306,0,1610030370
0,-18.50723,0,1610030498
0,-11.68147,0,1610030616
0,-18.80643,0,1610030734
0,-18.76244,0,1610030851
0,-19.21041,0,1610030978
0,-20.99773,0,1610031097
0,-24.13013,0,1610031214
0,-32.49706,0,1610031329
0,-37.43187,0,1610031456
0,-24.82931,0,1610031574
0,-31.21703,0,1610031691
0,-26.46817,0,1610031809
0,-30.1812,0,1610031935
0,-31.19821,0,1610032053
0,-33.5391,0,1610032171
0,-25.20792,0,1610032289
0,-36.56051,0,1610032416
0,-37.87062,0,1610032534
0,-35.19803,0,1610032650
0,-39.42168,0,1610032778
0,-35.00297,0,1610032896
0,-34.94633,0,1610033013
0,-35.56277,0,1610033131
0,-21.70169,0,1610033258
0,-44.42072,0,1610033375
0,-31.61799,0,1610033492
0,-35.61722,0,1610033611
0,-30.73562,0,1610033729
0,-32.30101,0,1610033853
0,-35.18044,0,1610033970
0,-35.57983,0,1610034089
0,-36.88828,0,1610034215
0,-40.35417,0,1610034333
0,-26.21727,0,1610034450
0,-36.04375,0,1610034577
0,-33.57716,0,1610034696
0,-37.2683,0,1610034814
0,-33.18819,0,1610034931
0,-35.35691,0,1610035055
0,-37.95029,0,1610035173
2,-19.53086,0,1610035292
2,-32.57654,0,1610035410
2,-31.59926,0,1610035537
2,-30.85148,0,1610035655
2,-30.08764,0,1610035773
2,-29.45959,0,1610035890
2,-28.82131,0,1610036017
2,-28.1771,0,1610036134
2,-21.45053,0,1610036253
2,-21.35921,0,1610036377
2,-20.82082,0,1610036494
2,-20.24079,0,1610036612
2,-19.62761,0,1610036730
2,-18.95465,0,1610036857
2,-18.36615,0,1610036974
2,-17.90297,0,1610037092
2,-17.55907,0,1610037209
2,2.261268,0,1610037336
2,-2.390168,0,1610037454
2,-4.184133,0,1610037578
2,-4.688619,0,1610037696
2,-4.816707,0,1610037814
2,-4.984202,0,1610037931
2,-4.752477,0,1610038057
2,-4.411833,0,1610038175
2,2.828493,0,1610038293
2,1.62897,0,1610038411
2,2.169021,0,1610038537
2,5.030291,0,1610038654
2,4.866093,0,1610038769
2,5.349881,0,1610038896
2,5.536086,0,1610039013
2,5.636657,0,1610039130
2,12.10062,0,1610039249
2,8.545062,0,1610039376
2,7.617701,0,1610039493
2,7.268672,0,1610039610
2,9.904844,0,1610039737
2,10.73027,0,1610039854
2,11.67675,0,1610039971
2,12.25506,0,1610040095
2,12.74248,0,1610040212
2,19.63428,0,1610040331
2,19.76963,0,1610040449
2,20.1034,0,1610040575
2,20.66381,0,1610040692
2,21.04347,0,1610040810
2,21.58474,0,1610040936
2,22.14453,0,1610041054
2,22.69374,0,1610041171
2,30.18184,0,1610041296
2,30.02292,0,1610041413
2,30.10061,0,1610041530
2,30.37206,0,1610041656
2,30.90832,0,1610041775
2,31.32569,0,1610041892
2,31.79189,0,1610042010
2,32.26043,0,1610042136
2,39.80007,0,1610042254
2,38.5623,0,1610042374
2,38.54572,0,1610042492
2,38.73422,0,1610042616
2,39.18414,0,1610042734
2,39.66674,0,1610042853
2,40.15541,0,1610042970
2,40.78216,0,1610043096
2,41.29196,0,1610043213
2,47.66484,0,1610043331
2,47.91057,0,1610043449
2,48.17264,0,1610043575
2,48.67014,0,1610043693
2,49.37544,0,1610043818
2,49.40553,0,1610043935
2,50.21894,0,1610044052
2,50.78962,0,1610044169
2,57.7654,0,1610044296
2,57.27977,0,1610044414
2,57.85447,0,1610044532
2,58.17416,0,1610044649
2,58.72185,0,1610044775
2,59.17968,0,1610044894
2,59.58288,0,1610045011
2,59.64315,0,1610045136
2,62.6813,0,1610045253
2,59.25462,0,1610045371
2,57.11104,0,1610045497
2,55.89608,0,1610045615
2,54.7347,0,1610045732
2,53.64388,0,1610045850
2,52.509,0,1610045977
2,51.53551,0,1610046094
2,50.58905,0,1610046211
2,42.95691,0,1610046335
2,41.34102,0,1610046453
2,40.47892,0,1610046570
2,39.66072,0,1610046697
2,38.97715,0,1610046814
2,38.25753,0,1610046932
2,37.54977,0,1610047050
2,36.86987,0,1610047176
2,28.30017,0,1610047294
2,28.64086,0,1610047411
2,28.38846,0,1610047535
2,27.78189,0,1610047652
2,27.17392,0,1610047770
2,26.41387,0,1610047897
2,25.85073,0,1610048015
2,25.27606,0,1610048132
2,15.68475,0,1610048249
2,17.95724,0,1610048376
2,18.37255,0,1610048494
2,18.47463,0,1610048611
2,17.95842,0,1610048738
2,17.59561,0,1610048854
2,16.93948,0,1610048972
2,16.50766,0,1610049089
2,6.812366,0,1610049216
2,9.945058,0,1610049333
2,10.40151,0,1610049452
2,10.73029,0,1610049569
2,10.89923,0,1610049695
2,10.96984,0,1610049812
2,11.05423,0,1610049929
2,11.08107,0,1610050053
2,11.11172,0,1610050170
2,9.225121,0,1610050297
2,10.27675,0,1610050414
2,19.94594,0,1610050531
2,10.50506,0,1610050649
2,7.980435,0,1610050775
2,6.269456,0,1610050892
2,4.848783,0,1610051011
2,3.506583,0,1610051137
2,-5.427093,0,1610051255
2,-6.131398,0,1610051369
2,-6.941425,0,1610051497
2,-7.601463,0,1610051614
2,-8.128735,0,1610051731
2,-8.629347,0,1610051858
2,-9.155213,0,1610051975
2,-9.63061,0,1610052093
2,-10.05559,0,1610052210
2,-16.11815,0,1610052337
2,-15.5724,0,1610052454
2,-15.4819,0,1610052570
2,-15.62994,0,1610052697
2,-15.79393,0,1610052815
2,-16.01691,0,1610052932
2,-16.33203,0,1610053049
2,-16.51616,0,1610053176
2,-20.86406,0,1610053293
2,-20.12428,0,1610053410
2,-19.97503,0,1610053538
2,-20.10412,0,1610053656
2,-20.26331,0,1610053771
2,-20.45574,0,1610053898
2,-20.65266,0,1610054014
2,-20.91053,0,1610054133
2,-24.78577,0,1610054250
2,-24.19969,0,1610054377
2,-24.04139,0,1610054494
2,-24.23736,0,1610054612
2,-24.45914,0,1610054729
2,-24.66343,0,1610054856
2,-24.8112,0,1610054973
2,-24.9241,0,1610055089
2,-28.61355,0,1610055216
2,-26.54739,0,1610055334
2,-25.88589,0,1610055451
2,-25.51014,0,1610055569
2,-24.99992,0,1610055697
2,-24.6451,0,1610055815
2,-24.24597,0,1610055932
2,-23.87096,0,1610056049
2,-23.50814,0,1610056177
2,-21.39082,0,1610056292
2,-20.41109,0,1610056410
2,-20.05511,0,1610056536
2,-19.63784,0,1610056654
2,-19.21877,0,1610056773
2,-18.85007,0,1610056890
2,-18.48173,0,1610057017
2,-18.16569,0,1610057135
2,-14.52664,0,1610057253
2,-14.81792,0,1610057370
2,-14.77939,0,1610057495
2,-14.73135,0,1610057612
2,-14.72548,0,1610057732
2,-14.71836,0,1610057849
2,-14.73996,0,1610057976
2,-14.72048,0,1610058093
2,-14.80332,0,1610058213
2,-13.66614,0,1610058331
2,-14.17947,0,1610058457
2,-14.39891,0,1610058574
2,-14.47619,0,1610058693
2,-14.54414,0,1610058817
2,-15.21066,0,1610058934
2,-14.34176,0,1610059051
2,-13.68958,0,1610059170
2,-9.395752,0,1610059297
2,-8.889854,0,1610059415
2,-8.568447,0,1610059532
2,-8.327269,0,1610059649
2,-7.873732,0,1610059777
2,-7.575212,0,1610059895
2,-7.378448,0,1610060009
2,-7.137059,0,1610060136
2,-2.635885,0,1610060255
2,-4.147404,0,1610060372
2,-4.621271,0,1610060489
2,-4.895212,0,1610060615
2,-4.975925,0,1610060732
2,-4.950684,0,1610060851
2,-4.848512,0,1610060978
2,-4.706301,0,1610061095
2,-4.554619,0,1610061211
2,-2.539512,0,1610061329
2,-2.546761,0,1610061456
2,-2.574297,0,1610061573
2,-2.454956,0,1610061690
2,-2.397888,0,1610061809
2,-2.339484,0,1610061936
2,-2.282557,0,1610062053
2,-2.143281,0,1610062170
2,-0.3915804,0,1610062297
2,-0.7609078,0,1610062415
2,-0.8621203,0,1610062530
2,-0.9422713,0,1610062656
2,-0.6971321,0,1610062775
2,-0.6344423,0,1610062892
2,-0.5594717,0,1610063009
2,-0.5033436,0,1610063136
2,0.6170529,0,1610063253
2,0.1354386,0,1610063372
2,0.08594744,0,1610063489
2,0.05962928,0,1610063617
2,-0.09965834,0,1610063734
2,-0.3318715,0,1610063852
2,-0.6262363,0,1610063969
2,-0.9822694,0,1610064096
2,-1.340473,0,1610064213
2,-3.859719,0,1610064332
2,-4.625746,0,1610064449
2,-5.298263,0,1610064576
2,-5.806697,0,1610064693
2,-6.291883,0,1610064812
2,-6.770196,0,1610064937
2,-7.19202,0,1610065054
2,-7.621906,0,1610065172
2,-12.05799,0,1610065289
2,-12.30874,0,1610065417
2,-12.66322,0,1610065534
2,-12.98362,0,1610065651
2,-13.2959,0,1610065777
2,-13.60325,0,1610065896
2,-13.88842,0,1610066014
2,-14.22252,0,1610066131
2,-19.0498,0,1610066255
2,-17.94633,0,1610066372
2,-17.93081,0,1610066491
2,-18.14994,0,1610066618
2,-18.38906,0,1610066735
2,-18.56024,0,1610066853
2,-18.83599,0,1610066971
2,-19.06438,0,1610067089
2,-23.93029,0,1610067216
2,-22.50655,0,1610067333
2,-22.36008,0,1610067458
2,-22.51253,0,1610067575
2,-22.53376,0,1610067692
2,-22.60739,0,1610067809
2,-22.6336,0,1610067937
2,-22.6979,0,1610068055
2,-22.76195,0,1610068172
2,-24.81827,0,1610068290
2,-24.46087,0,1610068418
2,-24.43799,0,1610068535
2,-24.59402,0,1610068650
2,-24.77703,0,1610068777
2,-24.94224,0,1610068894
2,-25.08277,0,1610069012
2,-24.52003,0,1610069130
2,-25.56948,0,1610069256
2,-58.40422,0,1610069374
5,-44.8736,0,1610069492
5,-39.72008,0,1610069609
5,-36.29486,0,1610069736
5,-34.03341,0,1610069853
5,-32.28419,0,1610069969
5,-30.50919,0,1610070096
5,-29.1249,0,1610070213
5,-21.90742,0,1610070331
5,-19.20548,0,1610070458
5,-18.26678,0,1610070575
5,-17.41529,0,1610070693
5,-16.96362,0,1610070810
5,-16.57274,0,1610070938
5,-16.34488,0,1610071057
5,-16.18761,0,1610071173
5,-11.70167,0,1610071290
5,-13.22147,0,1610071417
5,-13.786,0,1610071535
5,-15.71961,0,1610071653
5,-14.66888,0,1610071770
5,-13.96508,0,1610071897
5,-13.49494,0,1610072015
5,-13.1397,0,1610072132
5,-8.137819,0,1610072250
5,-8.09921,0,1610072374
5,-8.165623,0,1610072493
5,-8.133924,0,1610072611
5,-8.057932,0,1610072737
5,-7.936306,0,1610072855
5,-7.883473,0,1610072972
5,-7.760308,0,1610073091
5,-7.613708,0,1610073209
5,-5.099692,0,1610073336
5,-5.23219,0,1610073453
5,-5.253641,0,1610073571
5,-5.13413,0,1610073696
5,-5.05368,0,1610073813
5,-4.879635,0,1610073930
5,-4.810565,0,1610074049
5,-4.662435,0,1610074176
5,-3.000321,0,1610074293
5,-2.940044,0,1610074410
5,-3.022165,0,1610074538
5,-2.926403,0,1610074655
5,-2.859925,0,1610074772
5,-2.757967,0,1610074896
5,-2.717111,0,1610075013
5,-2.627478,0,1610075131
5,-0.9939756,0,1610075249
5,-1.392551,0,1610075375
5,-1.42105,0,1610075493
5,-1.420836,0,1610075611
5,-1.31656,0,1610075729
5,-1.236954,0,1610075855
5,-1.161107,0,1610075972
5,-1.126117,0,1610076097
5,0.5009455,0,1610076214
5,-4.703952,0,1610076332
5,6.413429,0,1610076449
6,4.51452,0,1610076576
6,3.308004,0,1610076694
6,2.573352,0,1610076811
6,2.106496,0,1610076937
6,1.805698,0,1610077054
6,1.581542,0,1610077173
6,-1.881064,0,1610077291
6,-3.448165,0,1610077416
6,-4.279292,0,1610077533
6,-4.856632,0,1610077651
6,-5.430722,0,1610077778
6,-5.972606,0,1610077895
6,-6.475851,0,1610078012
6,-6.986871,0,1610078131
6,-12.53542,0,1610078257
6,-12.17459,0,1610078375
6,-12.50322,0,1610078492
6,-12.86972,0,1610078617
6,-13.19884,0,1610078735
6,-13.48825,0,1610078852
6,-13.82665,0,1610078970
6,-14.18036,0,1610079096
6,-20.8376,0,1610079214
6,-18.83222,0,1610079333
6,-18.45011,0,1610079451
6,-18.62293,0,1610079578
6,-18.76537,0,1610079696
6,-18.98425,0,1610079810
6,-19.22214,0,1610079937
6,-19.42648,0,1610080055
6,-19.71476,0,1610080173
6,-23.44432,0,1610080292
6,-23.00242,0,1610080409
6,-22.93677,0,1610080536
6,-23.08182,0,1610080654
6,-23.32089,0,1610080772
6,-23.47769,0,1610080890
6,-23.70704,0,1610081016
6,-23.89734,0,1610081131
6,-27.73203,0,1610081250
6,-26.83721,0,1610081377
6,-26.69612,0,1610081495
6,-26.66696,0,1610081612
6,-26.64844,0,1610081731
6,-26.60888,0,1610081849
6,-26.60116,0,1610081976
6,-26.5408,0,1610082093
6,-26.52857,0,1610082212
6,-27.45104,0,1610082336
6,-27.04307,0,1610082454
6,-26.79751,0,1610082571
6,-26.64957,0,1610082698
6,-26.50659,0,1610082815
6,-26.39923,0,1610082933
6,-26.27086,0,1610083050
6,-26.15682,0,1610083177
6,-25.51724,0,1610083295
6,-25.2418,0,1610083412
6,-25.07073,0,1610083537
6,-25.03576,0,1610083655
6,-24.90545,0,1610083773
6,-24.89466,0,1610083891
6,-28.51929,0,1610084009
6,-26.3313,0,1610084135
6,-18.2958,0,1610084253
7,-22.38156,0,1610084372
7,-22.93641,0,1610084489
7,-23.14028,0,1610084616
7,-23.18508,0,1610084733
7,-23.15504,0,1610084849
7,-23.05502,0,1610084976
7,-22.90825,0,1610085093
7,-22.70582,0,1610085210
7,-20.38178,0,1610085329
7,-20.22954,0,1610085456
7,-19.9513,0,1610085573
7,-19.64558,0,1610085690
7,-19.36735,0,1610085818
7,-19.03356,0,1610085935
7,-18.79757,0,1610086050
7,-18.46803,0,1610086177
7,-15.20796,0,1610086294
7,-15.27286,0,1610086414
7,-15.10441,0,1610086531
7,-14.90189,0,1610086658
7,-14.68389,0,1610086776
7,-14.51021,0,1610086895
7,-14.38841,0,1610087012
7,-14.0801,0,1610087129
7,-10.51841,0,1610087254
7,-10.85119,0,1610087372
7,-10.83172,0,1610087491
7,-10.69072,0,1610087618
7,-10.53946,0,1610087735
7,-10.37249,0,1610087853
7,-10.16833,0,1610087970
7,-9.95759,0,1610088097
7,-5.981389,0,1610088214
7,-7.263414,0,1610088332
7,-7.344656,0,1610088450
7,-7.293946,0,1610088575
7,-7.170996,0,1610088692
7,-7.013736,0,1610088809
7,-6.868526,0,1610088937
7,-6.721577,0,1610089054
7,-6.582927,0,1610089172
7,-4.668448,0,1610089289
7,-4.774115,0,1610089416
7,-4.696547,0,1610089534
7,-4.671282,0,1610089652
7,-4.544472,0,1610089776
7,-4.449232,0,1610089893
7,-4.303281,0,1610090012
7,-4.197445,0,1610090130
7,-1.972697,0,1610090256
7,-2.465667,0,1610090373
7,-2.4286,0,1610090491
7,-2.4257,0,1610090609
7,-2.358542,0,1610090735
7,-2.23459,0,1610090852
7,-2.201865,0,1610090978
7,-2.111876,0,1610091095
7,-2.049951,0,1610091212
7,-0.006347548,0,1610091330
7,-0.257394,0,1610091449
7,-0.5349554,0,1610091576
7,-0.611579,0,1610091693
7,-0.6665898,0,1610091810
7,-0.6499099,0,1610091929
7,-0.4975319,0,1610092056
7,-1.179633,0,1610092174
7,-20.47274,0,1610092289
7,0.442312,0,1610092415
8,-0.09821507,0,1610092534
8,-0.04939079,0,1610092652
8,-0.02601239,0,1610092772
8,-0.1076832,0,1610092891
8,-0.2931388,0,1610093009
8,-0.5443456,0,1610093136
8,-1.705805,0,1610093253
8,-3.045446,0,1610093370
8,-3.678007,0,1610093496
8,-4.177989,0,1610093614
8,-4.696023,0,1610093731
8,-5.111649,0,1610093858
8,-5.586588,0,1610093975
8,-6.045991,0,1610094095
8,-6.519767,0,1610094212
8,-10.77009,0,1610094330
8,-11.08302,0,1610094456
8,-11.52068,0,1610094575
8,-11.90976,0,1610094700
8,-12.38158,0,1610094817
8,-12.74239,0,1610094934
8,-13.05117,0,1610095051
8,-13.40325,0,1610095170
8,-17.75512,0,1610095297
8,-17.46683,0,1610095414
8,-17.59904,0,1610095532
8,-17.81028,0,1610095650
8,-18.06086,0,1610095777
8,-18.31163,0,1610095894
8,-18.52541,0,1610096009
8,-18.82875,0,1610096137
8,-23.05716,0,1610096254
8,-22.22284,0,1610096371
8,-22.29913,0,1610096498
8,-22.41383,0,1610096616
8,-22.60662,0,1610096733
8,-22.85243,0,1610096851
8,-23.05504,0,1610096978
8,-23.24193,0,1610097096
8,-23.44754,0,1610097211
8,-26.2568,0,1610097338
8,-26.18708,0,1610097455
8,-26.34915,0,1610097573
8,-26.41409,0,1610097692
8,-26.49499,0,1610097810
8,-26.59057,0,1610097937
8,-26.61912,0,1610098054
8,-26.67348,0,1610098173
8,-31.72754,0,1610098290
8,-34.22298,0,1610098424
8,-46.21404,0,1610098532
9,-37.35071,0,1610098650
9,-35.15236,0,1610098777
9,-33.55817,0,1610098895
9,-32.56235,0,1610099012
9,-31.5983,0,1610099130
9,-29.9189,0,1610099257
9,-25.9627,0,1610099375
9,-24.5744,0,1610099492
9,-23.73813,0,1610099610
9,-23.02631,0,1610099736
9,-22.44334,0,1610099853
9,-21.87965,0,1610099971
9,-21.41916,0,1610100089
9,-14.97369,0,1610100217
9,-16.22443,0,1610100334
9,-16.22535,0,1610100451
9,-16.11134,0,1610100569
9,-15.83373,0,1610100696
9,-15.65685,0,1610100814
9,-15.42777,0,1610100938
9,-15.20138,0,1610101055
9,-14.93915,0,1610101173
9,-10.89171,0,1610101292
9,-11.4311,0,1610101409
9,-11.42914,0,1610101536
9,-11.3009,0,1610101653
9,-11.13653,0,1610101772
9,-10.93507,0,1610101889
9,-10.75351,0,1610102016
9,-10.55291,0,1610102141
9,-6.928452,0,1610102249
9,-7.699752,0,1610102377
9,-7.738008,0,1610102494
9,-7.662126,0,1610102611
9,-7.52161,0,1610102729
9,-7.357102,0,1610102856
9,-7.196484,0,1610102973
9,-7.029398,0,1610103090
9,-3.310797,0,1610103218
9,-4.512364,0,1610103335
9,-4.675189,0,1610103450
9,-4.61665,0,1610103577
9,-4.512156,0,1610103695
9,-4.430777,0,1610103813
9,-4.321112,0,1610103930
9,-4.189397,0,1610104056
9,-4.081316,0,1610104174
9,-2.144168,0,1610104292
9,-2.327702,0,1610104409
9,-2.35809,0,1610104536
9,-2.289433,0,1610104651
9,-2.151809,0,1610104770
9,-2.004664,0,1610104897
9,-1.919174,0,1610105014
9,-1.822386,0,1610105131
9,0.09956409,0,1610105249
9,-0.3354354,0,1610105377
9,-0.325663,0,1610105494
9,-0.3025601,0,1610105611
9,-0.2140447,0,1610105737
9,-0.1552071,0,1610105862
9,-0.7605872,0,1610105969
9,0.0440892,0,1610106096
9,1.256286,0,1610106214
10,5.960874,0,1610106334
10,3.619386,0,1610106451
10,2.339485,0,1610106578
10,1.3525,0,1610106695
10,0.4740881,0,1610106813
10,-0.1577929,0,1610106930
10,-0.8313299,0,1610107057
10,-1.389292,0,1610107172
10,-5.44747,0,1610107290
10,-6.6153,0,1610107418
10,-7.340114,0,1610107535
10,-7.891375,0,1610107652
10,-8.375227,0,1610107769
10,-8.871593,0,1610107898
10,-9.317947,0,1610108015
10,-9.746651,0,1610108133
10,-15.36317,0,1610108250
10,-14.93492,0,1610108375
10,-15.00014,0,1610108492
10,-15.19979,0,1610108610
10,-15.37804,0,1610108737
10,-15.56655,0,1610108855
10,-15.85268,0,1610108973
10,-16.08852,0,1610109090
10,-21.80624,0,1610109217
10,-19.96476,0,1610109334
10,-19.71323,0,1610109453
10,-19.81105,0,1610109570
10,-19.95231,0,1610109696
10,-20.13938,0,1610109813
10,-20.29747,0,1610109931
10,-20.49305,0,1610110057
10,-20.69206,0,1610110174
10,-23.69978,0,1610110292
10,-23.3967,0,1610110410
10,-23.55115,0,1610110537
10,-23.68991,0,1610110654
10,-23.95584,0,1610110771
10,-24.18758,0,1610110896
10,-24.43112,0,1610111014
10,-24.63394,0,1610111131
10,-27.71246,0,1610111249
10,-26.75128,0,1610111376
10,-26.5066,0,1610111495
10,-26.71963,0,1610111612
10,-33.26761,0,1610111729
10,-29.2492,0,1610111856
11,-31.18609,0,1610111975
11,-30.5513,0,1610112090
11,-33.40409,0,1610112217
11,-27.6078,0,1610112334
11,-26.06615,0,1610112451
11,-25.16416,0,1610112570
11,-24.48029,0,1610112697
11,-23.90307,0,1610112814
11,-23.43203,0,1610112933
11,-22.98699,0,1610113050
11,-22.52843,0,1610113177
11,-18.57465,0,1610113294
11,-18.35045,0,1610113409
11,-17.99768,0,1610113537
11,-17.6827,0,1610113654
11,-17.40139,0,1610113771
11,-17.12435,0,1610113898
11,-16.8648,0,1610114016
11,-16.66618,0,1610114133
11,-12.38145,0,1610114251
11,-13.14668,0,1610114378
11,-13.19037,0,1610114496
11,-13.0338,0,1610114611
11,-12.90649,0,1610114738
11,-12.73893,0,1610114855
11,-12.53731,0,1610114972
11,-12.33229,0,1610115092
11,-12.11218,0,1610115209
11,-9.247141,0,1610115336
11,-9.398742,0,1610115453
11,-9.325516,0,1610115571
11,-9.174431,0,1610115698
11,-9.015908,0,1610115813
11,-8.865182,0,1610115930
11,-8.679782,0,1610116058
11,-8.492355,0,1610116175
11,-6.025686,0,1610116292
11,-6.222585,0,1610116409
11,-6.17452,0,1610116538
11,-6.108825,0,1610116655
11,-5.967524,0,1610116772
11,-5.803465,0,1610116889
11,-5.631309,0,1610117024
11,-5.485471,0,1610117132
11,-3.012876,0,1610117250
11,-3.494911,0,1610117376
11,-3.483815,0,1610117493
11,-3.443959,0,1610117611
11,-3.338462,0,1610117729
11,-3.236008,0,1610117855
11,-3.096973,0,1610117972
11,-2.968043,0,1610118090
11,-0.4812252,0,1610118218
11,-1.295707,0,1610118332
11,-1.411132,0,1610118449
11,-1.290678,0,1610118577
11,-1.191892,0,1610118694
11,-1.107458,0,1610118811
11,-1.055279,0,1610118929
11,-1.016078,0,1610119056
11,-0.99129,0,1610119173
11,-9.227589,0,1610119291
11,3.148638,0,1610119410
11,-4.704082,0,1610119534
12,-3.12085,0,1610119653
12,-2.747288,0,1610119770
12,-2.67862,0,1610119897
12,-2.664914,0,1610120014
12,-2.838365,0,1610120132
12,-4.61437,0,1610120250
12,-5.112116,0,1610120376
12,-5.604305,0,1610120494
12,-5.924787,0,1610120612
12,-6.364297,0,1610120730
12,-6.76767,0,1610120854
12,-7.13769,0,1610120971
12,-7.563431,0,1610121097
12,-11.97749,0,1610121215
12,-11.9307,0,1610121332
12,-12.26331,0,1610121449
12,-12.67054,0,1610121576
12,-13.08401,0,1610121695
12,-13.40415,0,1610121812
12,-13.74139,0,1610121929
12,-14.05261,0,1610122053
12,-14.37538,0,1610122171
12,-18.75992,0,1610122289
12,-18.40498,0,1610122416
12,-18.57458,0,1610122534
12,-18.73652,0,1610122652
12,-19.01333,0,1610122770
12,-19.25396,0,1610122897
12,-19.52019,0,1610123014
12,-19.7555,0,1610123131
12,-24.07824,0,1610123257
12,-23.14903,0,1610123374
12,-23.02354,0,1610123492
12,-23.15605,0,1610123609
12,-23.42155,0,1610123736
12,-23.65206,0,1610123853
12,-23.89003,0,1610123970
12,-24.13705,0,1610124097
12,-28.70501,0,1610124215
12,-27.29679,0,1610124334
12,-38.56961,0,1610124458
12,-50.17015,0,1610124576
12,-44.99979,0,1610124693
13,-41.66336,0,1610124811
13,-39.40268,0,1610124929
13,-37.37808,0,1610125056
13,-35.86404,0,1610125174
13,-31.28096,0,1610125292
13,-27.58812,0,1610125409
13,-25.54957,0,1610125537
13,-24.24391,0,1610125654
13,-23.40756,0,1610125770
13,-22.42468,0,1610125897
13,-21.71637,0,1610126014
13,-21.24404,0,1610126131
13,-14.45973,0,1610126249
13,-15.41376,0,1610126376
13,-15.24369,0,1610126493
13,-15.18005,0,1610126610
13,-14.89662,0,1610126738
13,-14.63238,0,1610126857
13,-14.42811,0,1610126971
13,-14.18428,0,1610127089
13,-7.45461,0,1610127216
13,-10.32434,0,1610127335
13,-10.69067,0,1610127452
13,-10.62295,0,1610127569
13,-10.52205,0,1610127696
13,-10.3994,0,1610127814
13,-10.28027,0,1610127932
13,-10.1715,0,1610128049
13,-10.06344,0,1610128183
13,-7.257641,0,1610128292
13,-7.766905,0,1610128409
13,-7.730855,0,1610128536
13,-7.690301,0,1610128654
13,-7.571116,0,1610128771
13,-7.447528,0,1610128889
13,-7.280313,0,1610129016
13,-7.127084,0,1610129133
13,-3.920187,0,1610129250
13,-4.523935,0,1610129378
13,-4.642606,0,1610129493
13,-4.523747,0,1610129610
13,-4.487205,0,1610129737
13,-4.381738,0,1610129855
13,-4.270359,0,1610129972
13,-4.142108,0,1610130089
13,-1.291329,0,1610130216
13,-2.328959,0,1610130333
13,-2.468144,0,1610130452
13,-2.421726,0,1610130569
13,-2.337483,0,1610130693
13,-2.228206,0,1610130810
13,-2.155647,0,1610130929
13,-2.069067,0,1610131056
13,-1.971842,0,1610131173
13,-0.4141255,0,1610131290
13,-0.7247083,0,1610131409
13,-0.6790457,0,1610131536
13,-0.6103113,0,1610131653
13,-0.5906575,0,1610131770
13,-0.5673132,0,1610131895
13,-0.5548802,0,1610132014
13,-2.867258,0,1610132132
13,5.316955,0,1610132249
14,-8.81627,0,1610132377
14,-5.82869,0,1610132496
14,-4.532197,0,1610132613
14,-3.964902,0,1610132730
14,-3.783926,0,1610132857
14,-3.841628,0,1610132976
14,-3.94893,0,1610133093
14,-5.437714,0,1610133218
14,-6.103707,0,1610133335
14,-6.503029,0,1610133452
14,-6.944745,0,1610133571
14,-7.38913,0,1610133698
14,-7.798345,0,1610133815
14,-8.17602,0,1610133934
14,-8.555089,0,1610134051
14,-8.93891,0,1610134169
14,-13.13122,0,1610134295
14,-13.34812,0,1610134410
14,-13.73853,0,1610134537
14,-14.01168,0,1610134654
14,-14.34481,0,1610134771
14,-14.66089,0,1610134898
14,-14.97652,0,1610135016
14,-15.29623,0,1610135134
14,-19.94547,0,1610135251
14,-19.3005,0,1610135378
14,-19.23485,0,1610135496
14,-19.3285,0,1610135621
14,-19.56175,0,1610135729
14,-19.77517,0,1610135856
14,-20.01147,0,1610135974
14,-20.21351,0,1610136091
14,-25.18559,0,1610136218
14,-23.55407,0,1610136335
14,-23.45375,0,1610136452
14,-23.61109,0,1610136570
14,-23.78898,0,1610136697
14,-23.94858,0,1610136815
14,-24.00614,0,1610136930
14,-24.10215,0,1610137057
14,-24.32409,0,1610137175
14,-13.5869,0,1610137292
14,-25.96207,0,1610137409
15,-30.38089,0,1610137537
15,-28.97452,0,1610137656
15,-28.0493,0,1610137773
15,-27.3478,0,1610137892
15,-26.71493,0,1610138010
15,-26.15585,0,1610138135
15,-25.58331,0,1610138252
15,-25.05158,0,1610138369
15,-24.52746,0,1610138496
15,-24.04085,0,1610138614
15,-23.58716,0,1610138731
15,-23.16193,0,1610138849
15,-22.70587,0,1610138975
15,-22.29921,0,1610139094
15,-21.91044,0,1610139211
15,-17.03636,0,1610139336
15,-15.89794,0,1610139453
15,-15.28319,0,1610139570
15,-14.76403,0,1610139689
15,-14.30828,0,1610139816
15,-13.91768,0,1610139933
15,-13.57432,0,1610140051
15,-13.25804,0,1610140169
15,-9.030176,0,1610140296
15,-9.401393,0,1610140414
15,-9.426693,0,1610140531
15,-9.333173,0,1610140656
15,-9.170979,0,1610140773
15,-9.006439,0,1610140891
15,-8.821988,0,1610141018
15,-8.661926,0,1610141135
15,-5.149586,0,1610141253
15,-6.006464,0,1610141371
15,-6.122908,0,1610141497
15,-6.063223,0,1610141615
15,-5.973448,0,1610141734
15,-5.848592,0,1610141849
15,-5.688223,0,1610141976
15,-5.555985,0,1610142093
15,-5.40907,0,1610142211
15,-3.368693,0,1610142330
15,-3.564895,0,1610142457
15,-3.558619,0,1610142574
15,-3.447804,0,1610142692
15,-3.321563,0,1610142809
15,-3.164809,0,1610142935
15,-3.040671,0,1610143060
15,-2.909519,0,1610143169
15,-1.011683,0,1610143296
15,-1.14886,0,1610143413
15,-1.212221,0,1610143530
15,-1.131514,0,1610143657
15,-1.074385,0,1610143775
15,-0.8671428,0,1610143893
15,-0.2268579,0,1610144010
15,-2.628557,0,1610144137
16,-1.017926,0,1610144255
16,-1.035615,0,1610144369
16,-1.392593,0,1610144496
16,-1.832675,0,1610144613
16,-2.310423,0,1610144731
16,-2.787357,0,1610144849
16,-3.302439,0,1610144975
16,-3.727095,0,1610145092
16,-4.206195,0,1610145210
16,-7.742121,0,1610145337
16,-8.419779,0,1610145455
16,-8.801043,0,1610145569
16,-9.434314,0,1610145697
16,-9.889062,0,1610145816
16,-10.27122,0,1610145933
16,-10.68272,0,1610146050
16,-11.16874,0,1610146177
16,-15.75081,0,1610146296
16,-15.72102,0,1610146413
16,-15.95465,0,1610146531
16,-16.37223,0,1610146657
16,-16.57241,0,1610146772
16,-16.87241,0,1610146892
16,-17.12658,0,1610147009
16,-17.4874,0,1610147137
16,-21.95357,0,1610147255
16,-21.37515,0,1610147372
16,-21.45252,0,1610147489
16,-21.54594,0,1610147616
16,-21.7283,0,1610147733
16,-21.92639,0,1610147851
16,-22.17772,0,1610147969
16,-22.40636,0,1610148093
16,-22.64717,0,1610148210
16,-25.75084,0,1610148329
16,-25.60451,0,1610148456
16,-25.6237,0,1610148573
16,-25.80276,0,1610148690
16,-25.91518,0,1610148810
16,-26.01776,0,1610148937
16,-23.79783,0,1610149054
16,-27.60793,0,1610149171
17,-32.65665,0,1610149296
17,-30.25869,0,1610149413
17,-28.95111,0,1610149531
17,-28.13094,0,1610149658
17,-27.42199,0,1610149776
17,-26.87773,0,1610149895
17,-26.3983,0,1610150012
17,-25.8714,0,1610150130
17,-23.4138,0,1610150256
17,-22.02115,0,1610150375
17,-21.34966,0,1610150500
17,-20.90843,0,1610150617
17,-20.52934,0,1610150734
17,-20.1358,0,1610150851
17,-19.79154,0,1610150970
17,-19.41469,0,1610151097
17,-14.54597,0,1610151214
17,-15.31577,0,1610151333
17,-15.33139,0,1610151451
17,-15.23965,0,1610151577
17,-15.03789,0,1610151694
17,-14.85866,0,1610151809
17,-14.66852,0,1610151937
17,-14.48013,0,1610152055
17,-14.27536,0,1610152172
17,-11.11942,0,1610152289
17,-11.32821,0,1610152416
17,-11.30695,0,1610152534
17,-11.17032,0,1610152652
17,-11.00818,0,1610152769
17,-10.92406,0,1610152896
17,-10.74214,0,1610153013
17,-10.48151,0,1610153130
17,-7.337862,0,1610153257
17,-7.731711,0,1610153376
17,-7.712826,0,1610153494
17,-7.628685,0,1610153611
17,-7.504355,0,1610153729
17,-7.349536,0,1610153856
17,-7.184803,0,1610153974
17,-7.03785,0,1610154091
17,-6.879207,0,1610154216
17,-4.469639,0,1610154333
17,-4.608283,0,1610154451
17,-4.594398,0,1610154569
17,-4.514451,0,1610154696
17,-4.432603,0,1610154813
17,-4.300089,0,1610154931
17,-4.170738,0,1610155058
17,-4.044998,0,1610155175
17,-2.297044,0,1610155292
17,-2.376204,0,1610155410
17,-2.399707,0,1610155536
17,-2.308126,0,1610155653
17,-2.259953,0,1610155770
17,-2.118749,0,1610155897
17,-2.066637,0,1610156016
17,-1.962314,0,1610156133
17,-0.3026172,0,1610156250
17,-0.651546,0,1610156377
17,-0.6791096,0,1610156494
17,-0.6805798,0,1610156612
17,-0.6116626,0,1610156736
17,-0.557431,0,1610156854
17,-0.5546695,0,1610156972
18,0.05700988,0,1610157091
18,-5.524961,0,1610157209
18,7.757744,0,1610157335
18,4.440145,0,1610157452
18,2.815694,0,1610157571
18,1.739961,0,1610157689
18,0.7856313,0,1610157815
18,0.04699928,0,1610157940
18,-0.6310766,0,1610158049
18,-1.343531,0,1610158175
18,-4.44355,0,1610158292
18,-6.206722,0,1610158409
18,-7.261608,0,1610158537
18,-7.93817,0,1610158655
18,-8.512497,0,1610158772
18,-9.043568,0,1610158889
18,-9.582298,0,1610159016
18,-10.05798,0,1610159135
18,-15.72244,0,1610159250
18,-15.24853,0,1610159376
18,-15.23162,0,1610159493
18,-15.49004,0,1610159612
18,-15.75616,0,1610159730
18,-16.07881,0,1610159857
18,-16.37584,0,1610159974
18,-16.6153,0,1610160093
18,-16.90534,0,1610160210
18,-20.6727,0,1610160337
18,-20.36844,0,1610160452
18,-20.55176,0,1610160569
18,-20.72957,0,1610160696
18,-20.91021,0,1610160813
18,-21.03889,0,1610160930
18,-21.27752,0,1610161058
18,-21.52382,0,1610161175
18,-24.72804,0,1610161292
18,-24.5059,0,1610161410
18,-24.54208,0,1610161537
18,-24.66076,0,1610161662
18,-24.85721,0,1610161770
18,-25.02841,0,1610161897
18,-25.1349,0,1610162014
19,-24.99115,0,1610162132
19,-57.48432,0,1610162250
19,-62.02325,0,1610162377
19,-44.18307,0,1610162494
19,-39.47176,0,1610162612
19,-36.4364,0,1610162729
19,-34.16335,0,1610162856
19,-32.70227,0,1610162971
19,-31.33404,0,1610163089
19,-30.82737,0,1610163217
19,-24.0861,0,1610163334
19,-22.34002,0,1610163451
19,-21.23104,0,1610163578
19,-20.55235,0,1610163696
19,-19.92291,0,1610163814
19,-19.42676,0,1610163931
19,-18.92769,0,1610164058
19,-18.58785,0,1610164173
19,-13.39104,0,1610164291
19,-13.92174,0,1610164409
19,-13.97015,0,1610164536
19,-13.8033,0,1610164655
19,-13.63236,0,1610164772
19,-13.38172,0,1610164890
19,-13.15562,0,1610165017
19,-12.92787,0,1610165134
19,-8.755382,0,1610165253
19,-9.85312,0,1610165371
19,-9.985575,0,1610165495
19,-9.877618,0,1610165612
19,-9.711228,1,1610165732
19,-9.512485,1,1610165849
19,-9.299049,2,1610165977
19,-9.102447,1,1610166094
19,-8.90822,2,1610166213
19,-6.235093,1,1610166331
19,-6.352151,0,1610166449
19,-6.343011,0,1610166576
19,-6.260299,0,1610166692
19,-6.113077,0,1610166809
19,-5.96369,0,1610166936
19,-5.803871,0,1610167053
19,-5.669455,0,1610167170
19,-3.230065,0,1610167289
19,-3.505037,0,1610167416
19,-3.507521,0,1610167533
19,-3.398702,0,1610167650
19,-3.377938,0,1610167778
19,-3.22867,0,1610167893
19,-3.109815,0,1610168010
19,-2.974267,0,1610168136
19,-0.6635395,0,1610168255
19,-1.221879,0,1610168372
19,-1.263412,0,1610168489
19,-1.209382,0,1610168616
19,-1.110682,0,1610168733
19,-1.020593,0,1610168851
19,0.4133237,0,1610168969
19,-1.348307,0,1610169103
19,-0.8218016,0,1610169210
20,-4.495965,0,1610169338
20,-3.093875,0,1610169456
20,-2.655918,0,1610169573
20,-2.620939,0,1610169690
20,-2.769237,0,1610169818
20,-2.944431,0,1610169935
20,-3.20103,0,1610170052
20,-3.498643,0,1610170169
20,-6.161764,0,1610170297
20,-6.690161,1,1610170412
20,-7.195218,1,1610170530
20,-7.674085,3,1610170658
20,-8.125624,3,1610170778
20,-8.592515,4,1610170898
20,-9.026628,3,1610171016
20,-9.459743,2,1610171135
20,-9.91132,2,1610171252
20,-10.30169,1,1610171371
20,-10.72233,1,1610171498
20,-11.06144,0,1610171612
20,-11.43872,0,1610171730
20,-11.84121,0,1610171858
20,-12.22187,0,1610171975
20,-12.57682,0,1610172092
20,-12.94121,0,1610172209
20,-19.72414,0,1610172337
20,-19.8737,0,1610172455
20,-20.04891,0,1610172572
20,-20.31476,0,1610172689
20,-20.62392,0,1610172814
20,-20.91774,0,1610172933
20,-21.19734,0,1610173050
20,-21.49883,0,1610173177
20,-26.16817,0,1610173294
20,-25.39182,0,1610173412
20,-25.31316,0,1610173529
20,-25.27307,0,1610173656
20,-25.24845,0,1610173773
20,-25.25915,0,1610173891
20,-25.28015,0,1610174018
20,-29.04644,0,1610174133
20,-23.89944,0,1610174250
21,-22.04003,0,1610174377
21,-23.50006,0,1610174494
21,-23.84337,0,1610174612
21,-23.95706,0,1610174729
21,-23.91013,0,1610174856
21,-23.81613,0,1610174974
21,-23.67844,0,1610175092
21,-23.51187,0,1610175209
21,-21.68399,0,1610175333
21,-21.1426,0,1610175452
21,-20.83243,0,1610175570
21,-20.45273,0,1610175696
21,-20.12908,0,1610175814
21,-19.80378,0,1610175932
21,-19.4766,0,1610176049
21,-19.13619,0,1610176176
21,-15.83698,0,1610176294
21,-15.76785,0,1610176412
21,-15.52849,0,1610176538
21,-15.29481,0,1610176655
21,-15.07569,0,1610176772
21,-14.87151,0,1610176890
21,-14.6309,0,1610177017
21,-14.39524,0,1610177134
21,-10.71374,0,1610177252
21,-11.37679,0,1610177369
21,-11.39028,0,1610177496
21,-11.23556,1,1610177613
21,-11.05209,1,1610177732
21,-10.88493,3,1610177849
21,-10.63685,4,1610177969
21,-10.43906,6,1610178090
21,-10.25957,6,1610178210
21,-7.782381,7,1610178330
21,-7.897306,7,1610178451
21,-7.817191,8,1610178572
21,-7.640348,7,1610178693
21,-7.511919,7,1610178814
21,-7.30617,6,1610178932
21,-7.128009,6,1610179049
21,-6.929495,4,1610179177
21,-4.768729,3,1610179296
21,-4.866389,3,1610179415
21,-4.795159,1,1610179533
21,-4.697957,1,1610179650
21,-4.571249,1,1610179777
21,-4.472248,0,1610179895
21,-4.379599,0,1610180014
21,-4.232535,0,1610180131
21,-1.92979,0,1610180255
21,-2.394248,0,1610180372
21,-2.404485,0,1610180489
21,-2.309415,0,1610180617
21,-2.255422,0,1610180734
21,-2.16791,0,1610180851
21,-2.070728,0,1610180977
21,-1.963007,0,1610181096
21,-1.860174,0,1610181213
21,-0.2824687,0,1610181331
21,-0.4039053,0,1610181458
21,-0.433803,0,1610181573
21,-0.403945,0,1610181692
21,-0.3219746,0,1610181810
21,-0.268175,0,1610181936
21,-0.2293143,0,1610182054
21,-0.2207725,0,1610182171
21,0.00414753,0,1610182289
21,-6.555171,0,1610182416
21,-15.44889,0,1610182533
22,-11.213,0,1610182652
22,-9.072941,0,1610182776
22,-7.706257,0,1610182893
22,-6.80072,0,1610183011
22,-6.153804,0,1610183138
22,-6.199984,0,1610183255
22,-4.518297,0,1610183372
22,-4.284941,0,1610183489
22,-4.331156,0,1610183618
22,-4.543426,0,1610183735
22,-4.813441,0,1610183853
22,-5.104736,0,1610183977
22,-5.451165,0,1610184094
22,-5.778506,0,1610184213
22,-8.660571,0,1610184330
22,-9.460515,0,1610184456
22,-9.86004,0,1610184574
22,-10.32935,0,1610184692
22,-10.84541,0,1610184809
22,-11.15916,0,1610184936
22,-11.63956,0,1610185053
22,-11.98182,0,1610185171
22,-16.07163,0,1610185296
22,-16.20885,0,1610185412
22,-16.48254,0,1610185530
22,-16.58179,0,1610185657
22,-16.83709,0,1610185774
22,-17.05884,0,1610185892
22,-17.34149,0,1610186009
22,-17.76151,0,1610186136
22,-22.1117,0,1610186255
22,-21.36807,0,1610186372
22,-21.4679,0,1610186496
22,-21.72802,0,1610186613
22,-21.73269,0,1610186731
22,-22.00676,0,1610186858
22,-22.24589,0,1610186975
22,-22.42666,0,1610187092
22,-22.70159,0,1610187210
22,-25.87629,0,1610187337
22,-25.761,0,1610187454
22,-25.72217,0,1610187572
22,-25.92933,0,1610187689
22,-26.05852,0,1610187816
22,-26.20757,0,1610187933
22,-26.302,0,1610188050
22,-26.39284,0,1610188178
22,-28.28518,0,1610188297
22,-30.38339,0,1610188414
22,-35.80432,0,1610188531
22,-30.54164,0,1610188649
23,-32.96259,0,1610188777
23,-31.93393,0,1610188894
23,-31.24912,0,1610189009
23,-30.50104,0,1610189136
23,-29.11846,0,1610189253
23,-26.44828,0,1610189372
23,-25.49268,0,1610189490
23,-24.72242,0,1610189616
23,-23.79214,0,1610189734
23,-23.61769,0,1610189851
23,-22.91939,0,1610189978
23,-22.47846,0,1610190095
23,-22.12859,0,1610190210
23,-17.89774,0,1610190337
23,-17.82769,0,1610190454
23,-17.62053,0,1610190571
23,-17.41299,0,1610190689
23,-17.0069,0,1610190815
23,-16.6978,0,1610190933
23,-16.47325,0,1610191050
23,-16.15338,0,1610191176
23,-12.51803,0,1610191296
23,-12.51279,0,1610191411
23,-12.45475,0,1610191529
23,-12.33142,0,1610191655
23,-11.83611,0,1610191773
23,-11.63184,0,1610191892
23,-11.38462,0,1610192009
23,-11.17683,0,1610192136
23,-6.223884,0,1610192253
23,-7.766657,0,1610192371
23,-7.91695,0,1610192498
23,-7.910069,0,1610192622
23,-7.826028,0,1610192730
23,-7.770586,0,1610192857
23,-7.624383,0,1610192975
23,-7.517148,0,1610193093
23,-7.385955,0,1610193210
23,-5.385283,0,1610193337
23,-5.370818,0,1610193455
23,-5.34817,0,1610193573
23,-5.154376,0,1610193691
23,-5.095139,0,1610193818
23,-4.953444,0,1610193934
23,-4.827157,0,1610194051
23,-4.725293,0,1610194178
23,-3.134019,0,1610194295
23,-3.277289,0,1610194413
23,-3.029007,0,1610194530
23,-2.979939,0,1610194657
23,-2.787819,0,1610194774
23,-2.679935,0,1610194893
23,-2.529,0,1610195010
23,-2.408766,0,1610195135
23,-0.1824957,0,1610195252
23,-0.7094498,0,1610195370
23,-0.7914165,0,1610195496
23,-0.7711382,0,1610195613
23,-0.677044,0,1610195731
23,-0.6461133,0,1610195857
23,-0.5667446,0,1610195974
23,-0.4668235,0,1610196091
23,1.530484,0,1610196218
23,0.9881753,0,1610196342
23,0.8069316,0,1610196450
23,0.8375186,0,1610196576
23,0.9720791,0,1610196693
23,1.115413,0,1610196810
23,1.192065,0,1610196930
23,1.264942,0,1610197057
23,0.5001301,0,1610197174
24,-14.03794,0,1610197291
24,4.260997,0,1610197410
24,3.070985,0,1610197536
24,2.705769,0,1610197651
24,2.293532,0,1610197777
24,2.058824,0,1610197894
24,1.751663,0,1610198012
24,1.498306,0,1610198130
24,0.5262883,0,1610198256
24,-0.8957176,0,1610198373
24,-1.568896,0,1610198492
24,-2.055818,0,1610198609
24,-2.634367,0,1610198736
24,-3.079999,0,1610198850
24,-3.547225,0,1610198969
24,-4.05076,0,1610199096
24,-4.521312,0,1610199213
24,-8.838404,0,1610199330
24,-9.29061,0,1610199459
24,-9.682528,0,1610199576
24,-10.16288,0,1610199693
24,-10.57587,0,1610199810
24,-11.05649,0,1610199937
24,-11.46695,0,1610200055
24,-11.8434,0,1610200170
24,-16.64522,0,1610200297
24,-16.36103,0,1610200414
24,-16.54987,0,1610200533
24,-16.7579,0,1610200650
24,-17.01235,0,1610200777
24,-17.28077,0,1610200894
24,-17.50958,0,1610201012
24,-17.77788,0,1610201130
24,-22.16348,0,1610201256
24,-21.52009,0,1610201371
24,-21.40794,0,1610201489
24,-21.49669,0,1610201617
24,-21.64819,0,1610201734
24,-21.8472,0,1610201852
24,-22.0179,0,1610201969
24,-22.2285,0,1610202096
24,-27.09414,0,1610202215
24,-25.56377,0,1610202333
24,-25.20611,0,1610202450
24,-25.35067,0,1610202575
24,-25.43231,0,1610202694
24,-25.54389,0,1610202812
24,-25.61747,0,1610202929
24,-30.45146,0,1610203056
25,-27.60611,0,1610203175
25,-71.55894,0,1610203292
25,-48.27008,0,1610203410
25,-40.86994,0,1610203537
25,-37.03563,0,1610203656
25,-34.50006,0,1610203774
25,-32.64208,0,1610203898
25,-31.21528,0,1610204015
25,-30.02339,0,1610204134
25,-26.52116,0,1610204251
25,-22.88504,0,1610204369
25,-21.61815,0,1610204495
25,-20.8502,0,1610204613
25,-20.22712,0,1610204731
25,-19.61638,0,1610204858
25,-19.23171,0,1610204975
25,-18.88916,0,1610205091
25,-18.50532,0,1610205210
25,-13.88385,0,1610205337
25,-14.2779,0,1610205454
25,-14.22616,0,1610205571
25,-14.15547,0,1610205690
25,-14.01532,0,1610205817
25,-13.79001,0,1610205934
25,-13.59522,0,1610206051
25,-13.41584,0,1610206170
25,-10.07707,0,1610206294
25,-10.58908,0,1610206411
25,-10.56299,0,1610206529
25,-10.41244,0,1610206657
25,-10.267,0,1610206774
25,-10.07128,0,1610206891
25,-9.86735,0,1610207009
25,-9.691008,0,1610207135
25,-6.545969,0,1610207254
25,-7.211994,0,1610207371
25,-9.088857,0,1610207489
25,-5.800147,0,1610207613
25,-5.485919,0,1610207731
25,-5.343997,0,1610207858
25,-5.304537,0,1610207975
25,-5.317325,0,1610208092
25,-5.304619,0,1610208210
25,-3.343399,0,1610208337
25,-3.669375,0,1610208455
25,-4.036057,0,1610208571
25,-3.97521,0,1610208690
25,-4.028293,0,1610208814
25,-3.920858,0,1610208931
25,-3.845565,0,1610209049
25,-3.743103,0,1610209176
25,-2.032067,0,1610209295
25,-2.104495,0,1610209412
25,-2.204537,0,1610209529
25,-2.109735,0,1610209655
25,-2.053289,0,1610209774
25,-2.005814,0,1610209892
25,-1.907329,0,1610210016
25,-1.812107,0,1610210133
25,-0.358196,0,1610210251
25,-0.5674782,0,1610210370
25,-0.578656,0,1610210497
25,-0.5096846,0,1610210614
25,-0.507849,0,1610210733
25,-0.5520511,0,1610210850
25,-1.245469,0,1610210977
25,0.1058519,0,1610211094
25,-1.251578,0,1610211211
26,2.336752,0,1610211337
26,1.17703,0,1610211455
26,0.4647513,0,1610211572
26,-0.08471406,0,1610211689
26,-0.6224719,0,1610211818
26,-1.126155,0,1610211935
26,-1.583318,0,1610212052
26,-1.979648,0,1610212169
26,-4.700213,0,1610212297
26,-5.638625,0,1610212414
26,-6.084039,0,1610212529
26,-6.752348,0,1610212655
26,-7.25631,0,1610212773
26,-7.744818,0,1610212892
26,-8.023493,0,1610213010
26,-9.073229,0,1610213138
26,-13.67802,0,1610213255
26,-13.36625,0,1610213373
26,-13.59793,0,1610213490
26,-13.91257,0,1610213617
26,-14.13709,0,1610213732
26,-14.40473,0,1610213850
26,-14.68368,0,1610213977
26,-14.97039,0,1610214094
26,-15.25022,0,1610214211
26,-18.8182,0,1610214329
26,-18.70307,0,1610214456
26,-18.87889,0,1610214574
26,-19.07191,0,1610214691
26,-19.28092,0,1610214809
26,-19.56075,0,1610214937
26,-19.8524,0,1610215052
26,-20.07314,0,1610215169
26,-23.36121,0,1610215296
26,-23.21792,0,1610215414
26,-23.44904,0,1610215531
26,-23.53028,0,1610215649
26,-23.61779,0,1610215775
26,-23.66246,0,1610215893
26,-23.68497,0,1610216012
26,-23.70366,0,1610216130
26,-25.71676,0,1610216254
26,-24.71033,0,1610216373
26,-24.34851,0,1610216490
26,-21.95742,0,1610216617
26,-33.06604,0,1610216734
26,-29.66115,0,1610216852
27,-28.92786,0,1610216970
27,-28.26046,0,1610217098
27,-30.76927,0,1610217215
27,-26.07313,0,1610217332
27,-25.28063,0,1610217457
27,-25.01241,0,1610217575
27,-24.92774,0,1610217693
27,-24.83344,0,1610217810
27,-24.79164,0,1610217938
27,-24.78315,0,1610218057
27,-24.79702,0,1610218174
27,-24.29302,0,1610218292
27,-24.45542,0,1610218409
27,-24.59163,0,1610218537
27,-24.65064,0,1610218654
27,-26.43451,0,1610218769
27,-25.54333,0,1610218897
27,-24.73182,0,1610219016
27,-23.73986,0,1610219133
27,-18.66896,0,1610219250
27,-16.42236,0,1610219377
27,-15.4914,0,1610219496
27,-15.0015,0,1610219614
27,-14.43763,0,1610219731
27,-13.9934,0,1610219858
27,-13.82328,0,1610219974
27,-13.52697,0,1610220091
27,-6.051966,0,1610220218
27,-8.7128,0,1610220335
27,-9.147765,0,1610220453
27,-9.218795,0,1610220572
27,-8.996278,0,1610220690
27,-8.935374,0,1610220816
27,-8.841819,0,1610220934
27,-8.700232,0,1610221052
27,-8.550311,0,1610221177
27,-5.734671,0,1610221294
27,-6.407616,0,1610221411
27,-6.309214,0,1610221530
27,-6.276628,0,1610221657
27,-6.168867,0,1610221774
27,-6.057024,0,1610221891
27,-5.93715,0,1610222010
27,-5.836282,0,1610222137
27,-3.519545,0,1610222254
27,-3.840944,0,1610222371
27,-3.837671,0,1610222496
27,-3.791732,0,1610222614
27,-3.740732,0,1610222731
27,-3.581616,0,1610222858
27,-3.515234,0,1610222975
27,-3.367652,0,1610223092
27,-3.2802,0,1610223210
27,-1.645439,0,1610223336
27,-1.771332,0,1610223454
27,-1.780105,0,1610223572
27,-1.700098,0,1610223697
27,-1.57396,0,1610223814
27,-1.502063,0,1610223931
27,-1.388068,0,1610224049
27,-1.330129,0,1610224176
27,0.07991138,0,1610224293
27,-0.1525978,0,1610224411
27,-0.1458012,0,1610224529
27,-0.07519459,0,1610224658
27,-3.574204,0,1610224777
27,0.410888,0,1610224892
27,1.333207,0,1610225009
28,0.7153031,0,1610225137
28,1.688403,0,1610225254
28,0.8777821,0,1610225371
28,0.5106176,0,1610225497
28,-0.001951132,0,1610225615
28,-0.4887855,0,1610225735
28,-0.9431114,0,1610225852
28,-1.40411,0,1610225969
28,-1.850332,0,1610226096
28,-2.223977,0,1610226212
28,-5.648053,0,1610226330
28,-6.347432,0,1610226456
28,-6.860979,0,1610226574
28,-7.298164,0,1610226692
28,-7.726114,0,1610226810
28,-8.205446,0,1610226937
28,-8.617393,0,1610227054
28,-9.021401,0,1610227172
28,-13.85816,0,1610227290
28,-13.78045,0,1610227414
28,-13.93023,0,1610227531
28,-14.253,0,1610227650
28,-14.59954,0,1610227777
28,-14.87214,0,1610227894
28,-15.1559,0,1610228012
28,-15.42083,0,1610228130
28,-20.2324,0,1610228257
28,-19.39089,0,1610228374
28,-19.32931,0,1610228491
28,-19.41706,0,1610228615
28,-19.64374,0,1610228732
28,-19.87946,0,1610228850
28,-20.12161,0,1610228976
28,-20.28749,0,1610229093
28,-20.54625,0,1610229212
28,-23.80231,0,1610229330
28,-23.44851,0,1610229456
28,-23.72009,0,1610229574
28,-23.82389,0,1610229691
28,-24.02416,0,1610229809
28,-24.2081,0,1610229933
28,-24.42219,0,1610230050
28,-24.61797,0,1610230169
28,-27.38383,0,1610230296
28,-27.02788,0,1610230413
28,-43.6804,0,1610230530
28,-33.73368,0,1610230657
29,-35.74322,0,1610230776
29,-34.12808,0,1610230894
29,-32.92789,0,1610231011
29,-31.89588,0,1610231135
29,-30.54255,0,1610231253
29,-26.23396,0,1610231372
29,-24.81655,0,1610231490
29,-23.75293,0,1610231616
29,-23.05782,0,1610231735
29,-22.4396,0,1610231852
29,-21.95839,0,1610231969
29,-21.47071,0,1610232096
29,-21.1123,0,1610232213
29,-16.60912,0,1610232340
29,-16.63341,0,1610232457
29,-16.48136,0,1610232574
29,-16.27776,0,1610232692
29,-16.07343,0,1610232809
29,-15.87617,0,1610232936
29,-15.64198,0,1610233053
29,-15.42652,0,1610233171
29,-11.65813,0,1610233290
29,-12.15177,0,1610233416
29,-12.11807,0,1610233534
29,-12.003,0,1610233658
29,-11.79443,0,1610233776
29,-11.61699,0,1610233894
29,-11.41568,0,1610234011
29,-11.21249,0,1610234138
29,-7.671529,0,1610234255
29,-8.427836,0,1610234374
29,-8.503371,0,1610234491
29,-8.412043,0,1610234618
29,-8.295839,0,1610234735
29,-8.171615,0,1610234851
29,-8.02821,0,1610234978
29,-7.888719,0,1610235095
29,-7.744892,0,1610235213
29,-5.596039,0,1610235331
29,-5.783513,0,1610235449
29,-5.757082,0,1610235576
29,-5.662657,0,1610235693
29,-5.554471,0,1610235811
29,-5.396873,0,1610235938
29,-5.27198,0,1610236052
29,-5.128106,0,1610236169
29,-3.1525,0,1610236296
29,-3.299948,0,1610236414
29,-3.248093,0,1610236531
29,-3.155844,0,1610236658
29,-3.036501,0,1610236775
29,-2.916708,0,1610236893
29,-2.786882,0,1610237011
29,-2.649457,0,1610237138
29,-0.731811,0,1610237255
29,-1.092263,0,1610237370
29,-1.112333,0,1610237497
29,-1.097375,0,1610237614
29,-1.008836,0,1610237731
29,-0.9165867,0,1610237849
29,-0.812554,0,1610237977
29,-2.199469,0,1610238095
29,-3.595476,0,1610238212
29,12.31219,0,1610238329
30,5.440783,0,1610238457
30,3.734873,0,1610238572
30,2.495259,0,1610238689
30,1.430384,0,1610238816
30,0.5771329,0,1610238933
30,-0.2036575,0,1610239051
30,-0.9656675,0,1610239178
30,-4.38957,0,1610239295
30,-6.144641,0,1610239413
30,-7.079493,0,1610239531
30,-7.798707,0,1610239657
30,-8.311114,0,1610239772
30,-8.841988,0,1610239890
30,-9.29863,0,1610240009
30,-9.790418,0,1610240136
30,-15.06849,0,1610240253
30,-14.89151,0,1610240371
30,-15.06031,0,1610240489
30,-15.28604,0,1610240616
30,-15.51572,0,1610240733
30,-15.75771,0,1610240851
30,-15.99553,0,1610240969
30,-16.25118,0,1610241093
30,-16.52055,0,1610241210
30,-20.30149,0,1610241337
30,-20.08906,0,1610241456
30,-20.18382,0,1610241573
30,-20.30902,0,1610241690
30,-20.51017,0,1610241816
30,-20.72777,0,1610241935
30,-20.9487,0,1610242053
30,-21.17962,0,1610242170
30,-24.60265,0,1610242294
30,-24.23918,0,1610242412
30,-24.22997,0,1610242529
30,-24.37583,0,1610242656
30,-24.48935,0,1610242774
30,-24.58379,0,1610242891
30,-24.66009,0,1610243009
30,-24.73658,0,1610243136
30,-20.28833,0,1610243254
30,-28.89275,0,1610243371
31,-34.41799,0,1610243497
31,-32.37885,0,1610243614
31,-30.86621,0,1610243731
31,-29.82738,0,1610243849
31,-28.94252,0,1610243976
31,-28.26114,0,1610244093
31,-27.66008,0,1610244211
31,-24.80323,0,1610244337
31,-23.41979,0,1610244455
31,-22.61298,0,1610244573
31,-22.02845,0,1610244691
31,-21.54646,0,1610244815
31,-21.10765,0,1610244932
31,-20.70078,0,1610245049
31,-20.30934,0,1610245169
31,-16.35209,0,1610245296
31,-16.33915,0,1610245413
31,-16.19475,0,1610245531
31,-15.97831,0,1610245649
31,-15.76128,0,1610245776
31,-15.56601,0,1610245893
31,-15.31355,0,1610246017
31,-15.06837,0,1610246136
31,-11.2607,0,1610246253
31,-11.82959,0,1610246371
31,-11.85342,0,1610246498
31,-11.72856,0,1610246616
31,-11.54081,0,1610246733
31,-11.35131,0,1610246850
31,-11.12923,0,1610246977
31,-10.94435,0,1610247095
31,-6.766487,0,1610247221
31,-7.968672,0,1610247329
31,-8.138944,0,1610247455
31,-8.073568,0,1610247573
31,-7.940567,0,1610247691
31,-7.803968,0,1610247818
31,-7.651773,0,1610247935
31,-7.51159,0,1610248052
31,-7.357169,0,1610248170
31,-4.870184,0,1610248289
31,-5.233603,0,1610248415
31,-5.198939,0,1610248530
31,-5.091639,0,1610248658
31,-4.996275,0,1610248775
31,-4.86832,0,1610248893
31,-4.736588,0,1610249010
31,-4.586238,0,1610249137
31,-2.450591,0,1610249254
31,-2.849199,0,1610249371
31,-2.861585,0,1610249489
31,-2.780271,0,1610249616
31,-2.688845,0,1610249732
31,-2.593101,0,1610249850
31,-2.483105,0,1610249976
31,-2.376326,0,1610250094
31,-2.276177,0,1610250212
31,-0.821441,0,1610250329
31,-0.8916607,0,1610250456
31,-0.8470629,0,1610250574
31,-0.7713017,0,1610250692
31,-0.7173915,0,1610250809
31,-0.6261435,0,1610250933
31,-0.5888248,0,1610251051
31,-0.5571358,0,1610251177
32,9.572654,0,1610251296
32,-6.923045,0,1610251414
32,-11.4165,0,1610251531
32,-8.629956,0,1610251657
32,-7.219433,0,1610251776
32,-6.401792,0,1610251893
32,-5.913206,0,1610252010
32,-5.59213,0,1610252136
32,-6.73661,0,1610252252
32,-5.436179,0,1610252369
32,-5.308355,0,1610252496
32,-5.410527,0,1610252613
32,-5.648528,0,1610252731
32,-5.978539,0,1610252858
32,-6.279387,0,1610252975
32,-6.597189,0,1610253092
32,-6.951832,0,1610253211
32,-9.994943,0,1610253329
32,-10.5605,0,1610253454
32,-10.98177,0,1610253571
32,-11.40194,0,1610253698
32,-11.8126,0,1610253816
32,-12.22311,0,1610253934
32,-12.60741,0,1610254051
32,-12.99864,0,1610254178
32,-16.93273,0,1610254296
32,-16.88657,0,1610254413
32,-17.04857,0,1610254530
32,-17.2724,0,1610254654
32,-17.52534,0,1610254772
32,-17.77786,0,1610254891
32,-18.05938,0,1610255009
32,-18.35665,0,1610255136
32,-22.48777,0,1610255253
32,-21.8584,0,1610255370
32,-21.90034,0,1610255498
32,-22.01138,0,1610255615
32,-22.19105,0,1610255731
32,-22.37667,0,1610255850
32,-22.59571,0,1610255974
32,-22.8087,0,1610256092
32,-23.0337,0,1610256209
32,-25.98143,0,1610256336
32,-25.80129,0,1610256453
32,-25.85123,0,1610256571
32,-25.98683,0,1610256697
32,-26.13314,0,1610256815
32,-26.25642,0,1610256933
32,-26.33476,0,1610257051
32,-28.6247,0,1610257175
32,-15.44785,0,1610257292
33,-23.78259,0,1610257412
33,-24.80442,0,1610257529
33,-25.34248,0,1610257656
33,-25.57584,0,1610257773
33,-25.68818,0,1610257891
33,-25.70483,0,1610258010
33,-25.65807,0,1610258137
33,-25.13232,0,1610258254
33,-24.89569,0,1610258379
33,-24.61859,0,1610258497
33,-24.29748,0,1610258614
33,-24.00465,0,1610258731
33,-23.6933,0,1610258850
33,-23.33539,0,1610258977
33,-23.01768,0,1610259094
33,-22.70442,0,1610259211
33,-19.78408,0,1610259338
33,-19.41892,0,1610259456
33,-19.0983,0,1610259573
33,-18.76409,0,1610259698
33,-18.46642,0,1610259815
33,-18.18576,0,1610259934
33,-17.89915,0,1610260051
33,-17.60357,0,1610260178
33,-14.25627,0,1610260295
33,-14.44966,0,1610260413
33,-14.30043,0,1610260531
33,-14.09634,0,1610260649
33,-13.87458,0,1610260776
33,-13.66612,0,1610260892
33,-13.46475,0,1610261010
33,-13.2245,0,1610261137
33,-9.841785,0,1610261254
33,-10.35865,0,1610261371
33,-10.3269,0,1610261490
33,-10.1932,0,1610261617
33,-10.04753,0,1610261734
33,-9.88422,0,1610261852
33,-9.710845,0,1610261970
33,-9.538455,0,1610262095
33,-9.365523,0,1610262212
33,-6.999896,0,1610262329
33,-7.101816,0,1610262458
33,-7.034423,0,1610262575
33,-6.879003,0,1610262692
33,-6.774234,0,1610262810
33,-6.619991,0,1610262937
33,-6.482609,0,1610263056
33,-6.343234,0,1610263173
33,-4.219526,0,1610263291
33,-4.434126,0,1610263415
33,-4.449097,0,1610263533
33,-4.36222,0,1610263650
33,-4.26458,0,1610263777
33,-4.170248,0,1610263894
33,-4.048634,0,1610264012
33,-3.941567,0,1610264130
33,-1.960159,0,1610264257
33,-2.274561,0,1610264374
33,-2.29433,0,1610264493
33,-2.250477,0,1610264617
33,-2.160578,0,1610264734
33,-2.050507,0,1610264851
33,-1.955803,0,1610264978
33,-1.86152,0,1610265097
33,0.211219,0,1610265214
33,-0.5678721,0,1610265332
33,-0.6128606,0,1610265449
33,-0.5464014,0,1610265577
33,-0.4835528,0,1610265694
33,-0.4323358,0,1610265818
33,-0.3914784,0,1610265935
33,-0.3635135,0,1610266052
33,-0.3305757,0,1610266169
33,0.4798954,0,1610266296
33,0.1405879,0,1610266413
33,-0.003054034,0,1610266532
33,-0.04897114,0,1610266651
33,-0.0459819,0,1610266770
33,-0.05599714,0,1610266890
33,-0.06844197,0,1610267009
33,-0.06845593,0,1610267135
33,0.1845904,0,1610267255
33,-0.01350554,0,1610267374
33,-0.07926643,0,1610267493
34,-0.1219607,0,1610267612
34,-4.649982,0,1610267730
34,-5.336928,0,1610267856
34,-3.248495,0,1610267973
34,-2.932689,0,1610268091
34,-2.688396,0,1610268209
34,-2.345509,0,1610268333
34,-2.24763,0,1610268450
34,-2.486652,0,1610268578
34,-2.759197,0,1610268696
34,-3.10129,0,1610268812
34,-3.439359,0,1610268929
34,-3.829575,0,1610269056
34,-4.204503,0,1610269174
34,-7.109069,0,1610269292
34,-7.759485,0,1610269409
34,-8.329372,0,1610269536
34,-8.774661,0,1610269651
34,-9.232503,0,1610269770
34,-9.685537,0,1610269897
34,-10.0859,0,1610270015
34,-10.49547,0,1610270133
34,-15.24301,0,1610270250
34,-15.18211,0,1610270377
34,-15.28115,0,1610270495
34,-15.51883,0,1610270613
34,-15.76692,0,1610270731
34,-16.04149,0,1610270856
34,-16.33221,0,1610270973
34,-16.6049,0,1610271090
34,-22.26091,0,1610271217
34,-20.56666,0,1610271335
34,-20.43461,0,1610271452
34,-20.52174,0,1610271569
34,-20.70105,0,1610271696
34,-20.82789,0,1610271813
34,-20.97411,0,1610271932
34,-21.10381,0,1610272056
34,-21.2615,0,1610272174
34,-24.05489,0,1610272292
34,-23.6872,0,1610272409
34,-23.68978,0,1610272536
34,-23.82257,0,1610272654
34,-23.97741,0,1610272773
34,-24.14395,0,1610272890
34,-24.3179,0,1610273017
34,-24.43737,0,1610273134
35,-62.50687,0,1610273253
35,-71.61533,0,1610273377
35,-50.38498,0,1610273495
35,-44.17599,0,1610273612
35,-40.27758,0,1610273732
35,-37.56253,0,1610273849
35,-35.37022,0,1610273976
35,-33.7831,0,1610274094
35,-32.46715,0,1610274212
35,-26.71605,0,1610274330
35,-24.0493,0,1610274457
35,-22.90964,0,1610274572
35,-22.06042,0,1610274689
35,-21.31742,0,1610274817
35,-20.71502,0,1610274934
35,-20.2001,0,1610275051
35,-19.74115,0,1610275169
35,-14.37722,0,1610275295
35,-14.76711,0,1610275413
35,-14.78953,0,1610275531
35,-14.72553,0,1610275658
35,-14.59723,0,1610275774
35,-14.44515,0,1610275892
35,-14.28048,0,1610276009
35,-14.08869,0,1610276136
35,-9.939532,0,1610276253
35,-10.93328,0,1610276371
35,-11.07926,0,1610276489
35,-11.04356,0,1610276615
35,-10.95012,0,1610276732
35,-10.82901,0,1610276850
35,-10.69297,0,1610276978
35,-10.56989,0,1610277094
35,-10.40898,0,1610277211
35,-7.955114,0,1610277330
35,-8.145629,0,1610277456
35,-8.125152,0,1610277573
35,-8.028814,0,1610277690
35,-7.882226,0,1610277809
35,-7.698241,0,1610277936
35,-7.540695,0,1610278053
35,-7.374959,0,1610278171
35,-5.04724,0,1610278296
35,-5.235001,0,1610278415
35,-5.219606,0,1610278532
35,-5.129324,0,1610278649
35,-4.995944,0,1610278776
35,-4.86134,0,1610278894
35,-4.735481,0,1610279013
35,-4.590244,0,1610279130
35,-2.518799,0,1610279257
35,-2.868811,0,1610279375
35,-2.86104,0,1610279490
35,-2.764551,0,1610279617
35,-2.676325,0,1610279734
35,-2.597981,0,1610279852
35,-2.503551,0,1610279971
35,-2.389518,0,1610280098
35,-0.1453451,0,1610280216
35,-0.7833118,0,1610280333
35,-0.8671456,0,1610280451
35,-0.8489087,0,1610280569
35,-0.8018102,0,1610280696
35,-0.7746089,0,1610280810
35,-0.7690145,0,1610280937
35,-0.7640136,0,1610281055
35,-1.191702,0,1610281172
35,1.722054,0,1610281289
36,-9.055593,0,1610281417
36,-6.482038,0,1610281534
36,-5.253327,0,1610281651
36,-4.629502,0,1610281778
36,-4.374779,0,1610281895
36,-4.321444,0,1610282012
36,-4.360188,0,1610282129
36,-6.142739,0,1610282256
36,-6.231992,0,1610282373
36,-6.527351,0,1610282491
36,-6.851074,0,1610282618
36,-7.174894,0,1610282735
36,-7.544664,0,1610282852
36,-7.925328,0,1610282970
36,-8.310173,0,1610283097
36,-8.639297,0,1610283211
36,-12.26858,0,1610283329
36,-12.62548,0,1610283458
36,-13.019,0,1610283575
36,-13.37905,0,1610283693
36,-13.73705,0,1610283810
36,-14.09585,0,1610283937
36,-14.42064,0,1610284056
36,-14.72499,0,1610284173
36,-18.73235,0,1610284290
36,-18.42188,0,1610284417
36,-18.55558,0,1610284532
36,-18.76413,0,1610284649
36,-19.01968,0,1610284776
36,-19.25051,0,1610284893
36,-19.46605,0,1610285011
36,-19.69559,0,1610285129
36,-23.56185,0,1610285256
36,-22.91851,0,1610285372
36,-22.82882,0,1610285491
36,-22.964,0,1610285617
36,-23.11918,0,1610285732
36,-23.28936,0,1610285849
36,-23.48162,0,1610285977
36,-23.68756,0,1610286096
36,-23.89626,0,1610286213
36,-26.56199,0,1610286331
36,-26.43246,0,1610286457
36,-26.46665,0,1610286576
36,-26.55425,0,1610286694
36,-26.61179,0,1610286811
36,-26.63821,0,1610286936
36,-26.63819,0,1610287054
36,-26.66756,0,1610287172
36,-28.02745,0,1610287290
36,-27.36573,0,1610287417
36,-27.16418,0,1610287535
36,-27.07611,0,1610287653
36,-27.01784,0,1610287770
36,-26.9789,0,1610287897
36,-26.94159,0,1610288015
36,-26.93215,0,1610288133
36,-27.31173,0,1610288258
36,-26.89367,0,1610288375
36,-26.83554,0,1610288493
36,-26.82459,0,1610288611
36,-26.80132,0,1610288737
36,-26.80391,0,1610288855
36,-26.79074,0,1610288972
36,-26.79274,0,1610289090
36,-26.959,0,1610289218
36,-26.82899,0,1610289335
36,-26.78951,0,1610289450
36,-26.80774,0,1610289578
36,-26.80934,0,1610289696
36,-26.78009,0,1610289813
36,-26.79877,0,1610289930
36,-26.80265,0,1610290057
36,-26.80619,0,1610290175
36,-26.83654,0,1610290292
36,-26.79882,0,1610290410
36,-26.77469,0,1610290536
36,-26.75766,0,1610290652
36,-26.77107,0,1610290771
36,-26.75572,0,1610290889
36,-26.745,0,1610291016
36,-26.75601,0,1610291134
36,-26.77559,0,1610291252
36,-26.70167,0,1610291369
36,-26.74304,0,1610291496
36,-26.7434,0,1610291613
36,-26.75174,0,1610291732
36,-26.75927,0,1610291850
36,-26.77526,0,1610291974
36,-26.78744,0,1610292091
36,-26.79708,0,1610292210
36,-26.74073,0,1610292337
36,-26.7146,0,1610292454
36,-26.72743,0,1610292572
36,-26.75616,0,1610292690
36,-26.79079,0,1610292817
36,-26.76434,0,1610292935
36,-26.75846,0,1610293053
36,-26.76717,0,1610293178
36,-26.7437,0,1610293295
36,-26.83716,0,1610293413
36,-26.83446,0,1610293530
36,-26.8164,0,1610293658
36,-26.77937,0,1610293775
36,-26.79008,0,1610293892
36,-26.76329,0,1610294010
36,-26.77081,0,1610294137
36,-26.69384,0,1610294254
36,-26.70549,0,1610294369
36,-26.73051,0,1610294496
36,-26.74117,0,1610294613
36,-26.75695,0,1610294731
36,-26.78422,0,1610294858
36,-26.78121,0,1610294975
36,-26.7867,0,1610295093
36,-26.77672,0,1610295211
36,-26.81606,0,1610295329
36,-26.81802,0,1610295456
36,-26.91158,0,1610295573
36,-26.88945,0,1610295698
36,-26.8782,0,1610295816
36,-26.86334,0,1610295934
36,-26.86084,0,1610296051
36,-26.85156,0,1610296178
36,-26.84356,0,1610296297
36,-26.81834,0,1610296415
36,-26.79031,0,1610296532
36,-26.8217,0,1610296650
36,-26.78738,0,1610296777
36,-26.79361,0,1610296893
36,-26.77858,0,1610297011
36,-26.77537,0,1610297129
36,-26.74412,0,1610297256
36,-26.76574,0,1610297373
36,-26.78707,0,1610297491
36,-26.80209,0,1610297618
36,-26.81676,0,1610297735
36,-26.82412,0,1610297853
36,-26.84663,0,1610297970
36,-26.84779,0,1610298095
36,-26.90252,0,1610298212
36,-26.83185,0,1610298330
36,-26.92366,0,1610298457
36,-26.89873,0,1610298575
36,-26.85467,0,1610298692
36,-26.8527,0,1610298810
36,-26.86554,0,1610298937
36,-26.85046,0,1610299054
36,-26.83924,0,1610299172
36,-26.82283,0,1610299290
36,-26.7479,0,1610299416
36,-26.81749,0,1610299535
36,-26.82729,0,1610299652
36,-26.86044,0,1610299769
36,-26.8333,0,1610299898
36,-26.87207,0,1610300015
36,-26.80549,0,1610300133
36,-26.5342,0,1610300250
36,-26.87697,0,1610300378
36,-26.86164,0,1610300495
36,-26.91359,0,1610300610
36,-26.92049,0,1610300737
36,-26.85335,0,1610300856
36,-26.88621,0,1610300974
36,-26.85073,0,1610301092
36,-26.83919,0,1610301209
36,-26.87797,0,1610301337
36,-26.75937,0,1610301455
36,-26.80867,0,1610301572
36,-26.76857,0,1610301689
36,-26.84176,0,1610301814
36,-26.81747,0,1610301932
36,-26.79944,0,1610302050
36,-26.79861,0,1610302177
36,-26.76531,0,1610302294
36,-26.84682,0,1610302413
36,-26.88463,0,1610302530
36,-26.86213,0,1610302657
36,-26.86764,0,1610302775
36,-26.86042,0,1610302893
36,-26.85293,0,1610303011
36,-26.8399,0,1610303136
36,-26.94101,0,1610303253
36,-26.95767,0,1610303370
36,-26.87516,0,1610303490
36,-26.89274,0,1610303617
36,-26.86672,0,1610303735
36,-26.86762,0,1610303852
36,-26.87259,0,1610303970
36,-26.87515,0,1610304097
36,-26.89649,0,1610304215
36,-26.8947,0,1610304329
36,-26.82216,0,1610304457
36,-26.80857,0,1610304575
36,-26.79356,0,1610304692
36,-26.84657,0,1610304810
36,-26.84869,0,1610304937
36,-26.83491,0,1610305055
36,-26.87183,0,1610305173
36,-27.06971,0,1610305290
36,-26.99173,0,1610305417
36,-26.6932,0,1610305532
36,-26.71268,0,1610305650
36,-26.73605,0,1610305777
36,-26.8208,0,1610305894
36,-26.82153,0,1610306012
36,-26.84613,0,1610306130
36,-26.65124,0,1610306257
36,-26.63501,0,1610306374
36,-26.57306,0,1610306492
36,-26.71597,0,1610306610
36,-26.77307,0,1610306736
36,-26.82886,0,1610306851
36,-26.84944,0,1610306970
36,-26.82889,0,1610307089
36,-26.84795,0,1610307216
36,-26.82396,0,1610307333
36,-26.89456,0,1610307451
36,-26.8922,0,1610307570
36,-26.86456,0,1610307697
36,-26.88225,0,1610307814
36,-26.87208,0,1610307932
36,-26.89585,0,1610308049
36,-26.87779,0,1610308176
36,-26.93565,0,1610308293
36,-26.84114,0,1610308410
36,-26.8781,0,1610308538
36,-26.88621,0,1610308655
36,-26.89869,0,1610308773
36,-26.889,0,1610308890
36,-26.86394,0,1610309018
36,-26.86738,0,1610309137
36,-26.76369,0,1610309252
36,-26.85043,0,1610309369
36,-26.87045,0,1610309496
36,-26.84616,0,1610309615
36,-26.82238,0,1610309732
36,-26.83333,0,1610309849
36,-26.84198,0,1610309976
36,-26.84683,0,1610310094
36,-26.84659,0,1610310212
36,-26.8243,0,1610310330
36,-26.79154,0,1610310457
36,-26.82767,0,1610310573
36,-26.84269,0,1610310691
36,-26.851,0,1610310817
36,-26.85062,0,1610310935
36,-26.86217,0,1610311052
36,-26.86572,0,1610311172
36,-26.84483,0,1610311289
36,-26.81327,0,1610311416
36,-26.80257,0,1610311534
36,-26.79972,0,1610311652
36,-26.81439,0,1610311777
36,-26.79624,0,1610311894
36,-26.80313,0,1610312011
36,-26.81036,0,1610312130
36,-26.76206,0,1610312257
36,-26.75027,0,1610312375
36,-26.75528,0,1610312492
36,-26.78736,0,1610312610
36,-26.8334,0,1610312737
36,-26.83813,0,1610312855
36,-26.83777,0,1610312969
36,-26.82719,0,1610313096
36,-26.82428,0,1610313214
36,-26.83005,0,1610313331
36,-26.8378,0,1610313458
36,-26.84281,0,1610313575
36,-26.83551,0,1610313692
36,-26.83429,0,1610313810
36,-26.83144,0,1610313937
36,-26.83135,0,1610314054
36,-26.82339,0,1610314173
36,-26.90827,0,1610314298
36,-26.83233,0,1610314415
36,-26.83155,0,1610314533
36,-26.81721,0,1610314651
36,-26.82701,0,1610314769
36,-26.82769,0,1610314897
36,-26.81114,0,1610315014
36,-26.81468,0,1610315131
36,-26.7155,0,1610315250
36,-26.8028,0,1610315377
36,-26.82196,0,1610315492
36,-26.85732,0,1610315609
36,-26.84232,0,1610315737
36,-26.8212,0,1610315854
36,-26.80958,0,1610315972
36,-26.81195,0,1610316089
36,-26.82011,0,1610316216
36,-26.71988,0,1610316336
36,-26.69966,0,1610316453
36,-26.76776,0,1610316571
36,-26.77894,0,1610316696
36,-26.77774,0,1610316814
36,-26.78393,0,1610316933
36,-26.79164,0,1610317050
36,-26.8132,0,1610317178
36,-26.87574,0,1610317297
36,-26.86587,0,1610317414
36,-26.89895,0,1610317531
36,-26.82694,0,1610317649
36,-26.83598,0,1610317776
36,-26.85081,0,1610317894
36,-26.85739,0,1610318009
36,-26.84338,0,1610318136
36,-26.82896,0,1610318254
36,-26.64054,0,1610318373
36,-26.60695,0,1610318491
36,-26.56886,0,1610318617
36,-26.61167,0,1610318735
36,-26.62739,0,1610318853
36,-26.67721,0,1610318970
36,-26.76745,0,1610319097
36,-26.77156,0,1610319212
36,-27.03227,0,1610319330
36,-26.97121,0,1610319457
36,-26.99861,0,1610319575
36,-27.03825,0,1610319692
36,-27.06573,0,1610319810
36,-27.05755,0,1610319937
36,-27.07142,0,1610320054
36,-27.06135,0,1610320171
36,-27.15073,0,1610320290
36,-27.19708,0,1610320414
36,-27.17237,0,1610320532
36,-27.13318,0,1610320649
36,-27.15403,0,1610320775
36,-27.14489,0,1610320894
36,-27.16041,0,1610321011
36,-27.17398,0,1610321138
36,-27.31742,0,1610321255
36,-27.1322,0,1610321374
36,-27.14195,0,1610321491
36,-27.11809,0,1610321618
36,-27.11604,0,1610321733
36,-27.11135,0,1610321850
36,-27.11595,0,1610321977
36,-27.10171,0,1610322094
36,-27.09569,0,1610322212
36,-27.12188,0,1610322330
36,-27.11034,0,1610322457
36,-27.07405,0,1610322575
36,-27.13846,0,1610322692
36,-27.14393,0,1610322809
36,-27.12513,0,1610322934
36,-27.12639,0,1610323051
36,-27.13989,0,1610323178
36,-27.08313,0,1610323295
36,-27.2417,0,1610323414
36,-27.23438,0,1610323531
36,-27.20138,0,1610323649
36,-27.13451,0,1610323775
36,-27.02853,0,1610323893
36,-27.07848,0,1610324013
36,-27.12979,0,1610324138
36,-27.40755,0,1610324255
36,-27.54812,0,1610324372
36,-27.63514,0,1610324490
36,-27.69701,0,1610324618
36,-27.74863,0,1610324735
36,-27.80618,0,1610324852
36,-27.8378,0,1610324970
36,-27.87756,0,1610325097
36,-28.40634,0,1610325215
36,-28.32352,0,1610325332
36,-28.22326,0,1610325457
36,-28.27514,0,1610325575
36,-28.32816,0,1610325692
36,-28.36542,0,1610325809
36,-28.40009,0,1610325936
36,-28.42283,0,1610326053
36,-28.4777,0,1610326171
36,-28.47441,0,1610326298
36,-28.54302,0,1610326415
36,-28.24919,0,1610326532
36,-28.09945,0,1610326657
36,-28.02302,0,1610326774
36,-27.95544,0,1610326892
36,-27.90059,0,1610327011
36,-27.84451,0,1610327138
36,-27.78008,0,1610327255
36,-27.57456,0,1610327372
36,-27.50066,0,1610327491
36,-27.47569,0,1610327618
36,-27.47265,0,1610327735
36,-27.44761,0,1610327850
36,-27.44477,0,1610327977
36,-27.46938,0,1610328096
36,-27.44797,0,1610328213
36,-27.32341,0,1610328331
36,-27.33199,0,1610328458
36,-27.33104,0,1610328576
36,-27.34748,0,1610328693
36,-27.36952,0,1610328811
36,-27.36255,0,1610328937
36,-27.39048,0,1610329055
36,-27.38104,0,1610329170
36,-27.56004,0,1610329297
36,-27.32287,0,1610329415
36,-27.24738,0,1610329532
36,-27.1712,0,1610329651
36,-27.10738,0,1610329778
36,-27.04518,0,1610329895
36,-26.99646,0,1610330013
36,-26.96372,0,1610330131
36,-26.59565,0,1610330249
36,-26.90431,0,1610330373
36,-27.01425,0,1610330490
36,-27.18917,0,1610330611
36,-27.39648,0,1610330738
36,-27.5543,0,1610330855
36,-27.67613,0,1610330972
36,-27.7752,0,1610331091
36,-27.90104,0,1610331209
36,-28.78106,0,1610331336
36,-28.92053,0,1610331453
36,-28.99193,0,1610331578
36,-29.04741,0,1610331695
36,-29.13138,0,1610331813
36,-29.17992,0,1610331930
36,-29.22522,0,1610332058
36,-29.29999,0,1610332177
36,-30.10788,0,1610332294
36,-30.0204,0,1610332411
36,-30.03393,0,1610332538
36,-30.0522,0,1610332656
36,-29.98005,0,1610332774
36,-29.90046,0,1610332889
36,-29.75425,0,1610333016
36,-29.57593,0,1610333134
36,-28.60911,0,1610333252
36,-27.71104,0,1610333369
36,-27.24154,0,1610333496
36,-26.88892,0,1610333614
36,-26.63584,0,1610333732
36,-26.3381,0,1610333851
36,-26.08703,0,1610333969
36,-25.88069,0,1610334094
36,-25.64906,0,1610334213
36,-23.55221,0,1610334330
36,-23.50139,0,1610334457
36,-23.47858,0,1610334574
37,-24.01526,0,1610334692
37,-21.78317,0,1610334809
37,-23.32755,0,1610334936
37,-23.23355,0,1610335053
37,-23.08403,0,1610335171
37,-21.75203,0,1610335296
37,-21.76628,0,1610335413
37,-21.69798,0,1610335530
37,-21.52543,0,1610335658
37,-21.43511,0,1610335775
37,-21.28535,0,1610335892
37,-21.10985,0,1610336009
37,-20.91583,0,1610336135
37,-18.4452,0,1610336253
37,-18.32946,0,1610336370
37,-18.10626,0,1610336497
37,-17.82188,0,1610336612
37,-17.56362,0,1610336731
37,-17.30713,0,1610336849
37,-17.05349,0,1610336975
37,-16.82201,0,1610337092
37,-16.57557,0,1610337210
37,-13.86509,0,1610337337
37,-13.9215,0,1610337454
37,-13.75842,0,1610337572
37,-13.54966,0,1610337691
37,-13.27631,0,1610337815
37,-13.03442,0,1610337932
37,-12.78734,0,1610338050
37,-12.53068,0,1610338176
37,-9.663417,0,1610338294
37,-9.687699,0,1610338412
37,-9.692353,0,1610338529
37,-9.525896,0,1610338656
37,-9.391155,0,1610338773
37,-9.224526,0,1610338893
37,-9.077726,0,1610339017
37,-8.867551,0,1610339134
37,-5.867439,0,1610339253
37,-6.350718,0,1610339370
37,-6.36377,0,1610339497
37,-6.288071,0,1610339614
37,-6.152951,0,1610339731
37,-6.036777,0,1610339849
37,-5.868751,0,1610339977
37,-5.728458,0,1610340094
37,-5.582685,0,1610340211
37,-3.49639,0,1610340337
37,-3.632794,0,1610340454
37,-3.609201,0,1610340571
37,-3.51164,0,1610340689
37,-3.382799,0,1610340816
37,-3.288418,0,1610340933
37,-3.170221,0,1610341050
37,-3.043192,0,1610341177
37,-1.367265,0,1610341295
37,-1.509855,0,1610341413
37,-1.555484,0,1610341538
37,-1.538525,0,1610341655
37,-1.523315,0,1610341772
37,-1.526542,0,1610341892
37,-1.526366,0,1610342009
37,-1.522314,0,1610342135
37,-0.6458827,0,1610342253
37,-1.120826,0,1610342371
37,-1.274188,0,1610342498
37,-1.332766,0,1610342614
37,-1.341827,0,1610342729
37,-1.38879,0,1610342857
37,-1.38438,0,1610342974
37,-5.365125,0,1610343092
37,-2.236553,0,1610343209